"name","alt.name","venue"
"","AC Brea - B01 RED","FWRL CAS B01"
"","Arsenal FC South B01 Academy II","FWRL CAS B01"
"","AYSC Arsenal 01B (AK) (SC)","Far West Regionals U16"
"","CAPITAL VALLEY UNITED SC BLACKHAWKS 01 RED","FWRL CAN Premier U17"
"","CDA FC Slammers-Orange B01 Flores","FWRL CAS B01"
"","CV SJ Earthquakes PDA 01 (CA-N) (FWCN)","Far West Regionals U16"
"","ECFC GALAXY 01B","FWRL CAN CRL U17"
"","F.C. Boyle Heights (CA-S)","Region IV Pres Cup U16"
"","FC BOULDER 01 BOYS ELITE","FWRL Desert 2001 U17"
"","FC Boulder 01 Elite (CO) (SC)","Far West Regionals U16"
"","FC Golden State - 2001 (CA-S) (SC)","Far West Regionals U16"
"","FCLA - B01 Black","FWRL CAS B01"
"","FOLSOM LAKE EARTHQUAKES ELITE '01B RED","FWRL CAN Premier U17"
"","FR Real Madrid (CA-N)","Region IV Pres Cup U16"
"","FUEGO FC LIVINGSTON FUEGO 01","FWRL CAN Premier U17"
"","La Roca 2001 Boys (UT) (SWC)","Far West Regionals U16"
"","LA ROCA FC LA ROCA SOUTH AB 01","FWRL Desert 2001 U17"
"","LA UNITED FUTBOL ACADEMY","FWRL CAS B01"
"","Liverpool FC 01B SG (UT)","Region IV Pres Cup U16"
"","Maui United Soccer Club 2001 Boys (HI) (SC)","Far West Regionals U16"
"","MSC United 01 (AZ)","Region IV Pres Cup U16"
"","NWSC Deception FC B01","NPSL DIVISION 3 (01) U17"
"","PAJARO VALLEY YSC PV UNITED 01 RED","FWRL CAN Premier U17"
"","Players academy blue 2001 (NV)","Region IV Pres Cup U16"
"","RAVENSWOOD YOUTH RYSC 01 BARCELONA","FWRL CAN CRL U17"
"","Rocky Mountain SA Cougars Black (CO)","Region IV Pres Cup U16"
"","Santos Laguna White (CA-S)","Region IV Pres Cup U16"
"","scls CV Aztecas 01 (UT)","Region IV Pres Cup U16"
"","SF MISSION GREEN FC MISSION GREEN 2001","FWRL CAN CRL U17"
"","Sparta 01 Premier JK (UT) (SC)","Far West Regionals U16"
"","SPARTA UNITED SPARTA 01 PREMIER JK","FWRL Desert 2001 U17"
"","TOTTENHAM HOTSPUR EAST BAY SPURS 01 NAVY","FWRL CAN Premier U17"
"3 Rivers Black B01","3RSC B01 RCL Black","RCL B01 Div 3"
"3 Rivers Black B01","3RSC B01 RCL Black","RCL B01 7V2"
"3 Rivers Black B01","3RSC B01 RCL Black","WYS Presidents Cup B01 Division 1"
"Ajax East Bay B01","AJAX EAST BAY 01B SELECT","FWRL CAN CRL U17"
"Alaska Rush B01","Alaska Rush 01B (AK)","Region IV Pres Cup U16"
"Alaska YS ADP B01","ALASKA YOUTH SOCCER ADP 01B (AK)","Timbers Winter Showcase 2001 Showcase U17"
"Alaska YS ADP B01","ALASKA YOUTH SOCCER ADP 01B (AK)","Timbers Winter Showcase 2001 FWRL U17"
"Alaska YS ADP B01","Alaska ADP 01B (AK)","FWRL NW B01"
"BC Tigers B00","BC TIGERS 00 (CND:BC)","SX Cup Boys U17/18 Metro - Tier 2 U17"
"BCT Tigers B01","BCT TIGERS","Clash At the Border Gold/Silver/Bronze"
"Bellevue United Select B01","BUFC B01 Vaughn","NPSL DIVISION 2 (01) U17"
"Bend FC Timbers Red B01","Bend FC Timbers 01B HSB RED","PTT Winter B01 Division 2"
"Bend FC Timbers White B01","BEND FC TIMBERS 01 BOYS WHITE","Clash At the Border Gold/Silver/Bronze"
"BIFC Blue B01","BAINBRIDGE ISLAND FC 01 B (WA)","SX Cup Boys U17/18 Gold - Tier 3 U17"
"BIFC Blue B01","Bainbridge Island FC B01 Blue","NPSL DIVISION 2 (01) U17"
"BIFC Blue B01","Bainbridge Island FC 01 Boys","Skagit Firecracker Div. 2 U17"
"BIFC Blue B01","Bainbridge Island FC B01 Blue","Founders Cup B01 Div A"
"Blackhills FC Black B01","27 Blackhills B01 Black","Rimland Challenge U17"
"Blackhills FC Black B01","BLACKHILLS FC B 01 BLACK (WA)","Nike Crossfire Challenge Silver Group U17"
"Blackhills FC Black B01","Blackhills FC B01 Black A","RCL B01 Div 4"
"Blackhills FC Black B01","BLACKHILLS FC B 01 BLACK","Clash At the Border Gold/Silver/Bronze"
"Blackhills FC Black B01","Blackhills B01 Black","Portland Winter Showcase U17"
"Blackhills FC Black B01","Blackhills FC B01 Black A","WYS Presidents Cup B01 Division 2"
"Blackhills FC Red B02","Blackhills FC B02 Red","Crossfire Select U17 Gold"
"Boise Nationals Timbers -Unk B01","Boise Nationals Timbers","Portland Winter Showcase U17"
"Boise Nationals Timbers Blue B01","Boise Nationals Timbers 2001 Blue (ID) (SC)","Far West Regionals U16"
"Boise Nationals Timbers Red B01","Boise Nationals Timbers Red","Portland Winter Showcase U17"
"Breakers Black B01","BREAKERS FC B01 BREAKERS FC BLACK-OWEN (WA)","Nike Crossfire Challenge Silver Group U17"
"Breakers Black B01","BREAKERS FC B01 BREAKERS FC BLACK-OWEN (WA)","WA Cup Silver U17"
"Breakers Black B01","IEYSA B01 Breakers FC Owen","PSPL WSPL U17"
"BSC Portland Black B01","BSC OREGON 01B BLACK (OR)","Nike Crossfire Challenge Gold Group U17"
"BSC Portland Black B01","BSC 01B Black","PacNW Winter Classic 2001 Boys Showcase Premier 2"
"BSC Portland Black B01","BSC 01B Black","PTT Winter B01 Premier"
"BSC Portland Gold B01","BSC 01BGOLD (OR)","Timbers Winter Showcase 2001 Showcase U17"
"BSC Portland Gold B01","BSC '01 Gold","PacNW Winter Classic 2001 Boys Showcase Premier 2"
"BSC Portland Gold B01","BSC 01B Gold","PTT Winter B01 Division 1"
"Burnaby District Metro B01","BURNABY DISTRICT METRO SELECT BDMS UNITED (CND:BC)","SX Cup Boys U17/18 Metro - Tier 2 U17"
"BYSL Elite United B00","BYSL ELITE UNITED '00 BOYS","Yellowstone Cup Boys U17"
"Capital FC Timbers Red B01","CFC 01 Boys Red","Beaverton Cup U17 Silver"
"Capital FC Timbers Red B01","Capital FC Timbers 01B Soboll","PTT Winter B01 Division 2"
"Cascade Rush Steelheaders B01","Cascade Rush 01B","PTT Winter B01 Division 1"
"CCB Elite B01","CCB ELITE 01 (CND)","Nike Crossfire Challenge Super Group U17"
"CCB Elite B01","CENTRAL CITY BREAKERS UNITED (CND:BC)","SX Cup Boys U17/18 Metro - Tier 2 U17"
"Central WA SA White B01","CWSA B01 White","PSPL Classic - Blue U17"
"Central WA SA White B01","CENTRAL WA SOUNDERS/CWS B01 WHITE LACKEY (WA)","WA Cup Silver U17"
"CFC Royal B01","CFC 01M ROYAL (CND:BC)","SX Cup Boys U17/18 Gold - Tier 3 U17"
"CGA Academy SC Elite B01","CGA Academy Elite (ID)","Region IV Pres Cup U16"
"Chilliwack FC Strikers B01","117 Chilliwack U16 Strikers","Baker Blast U16-17"
"Coastal FC B01","COASTAL FC 01M (CND)","SX Cup Boys U17/18 Premier - Tier 1 U17"
"Coastal FC B01","Coastal FC","BCSPL B01"
"Coastal FC Royal B00","COASTAL FC 00M ROYAL (CND)","SX Cup Boys U17/18 Gold - Tier 3 U17"
"Columbia United Hermiston Heat B01","Hermiston United 01B (OR)","Region IV Pres Cup U16"
"Columbia United Hermiston Heat B01","Hermiston United 01B","PTT Winter B01 Division 1"
"Coquitlam Metro Ford Slovan B01","Coquitlam Metro-Ford SC","BCSPL B01"
"Crossfire Oregon Green I B01","Crossfire Oregon Green 1","Portland Winter Showcase U17"
"Crossfire Oregon Green I B01","Crossfire Oregon 01B Green 1","PTT Winter B01 Premier"
"Crossfire Oregon Green II B01","Crossfire Oregon B'01 Green 2","Portland Winter Showcase U17"
"Crossfire Oregon Green II B01","Crossfire Oregon 01B Green 2","PTT Winter B01 Division 1"
"Crossfire Premier A B01","Crossfire Premier B01 A","RCL B01 Div 1"
"Crossfire Premier A B01","CROSSFIRE PREMIER B01 A (WA)","Nike Crossfire Challenge Super Group U17"
"Crossfire Premier A B01","CROSSFIRE PREMIER BOYS 01A","Showcase of Champions U17/16 Boys"
"Crossfire Premier A B01","Crossfire Premier B01 A Hill","Rainier Challenge Copa U17"
"Crossfire Premier A B01","Crossfire Premier B01 A","WYS Championship B01"
"Crossfire Premier A B02","CROSSFIRE PREMIER B02 A","Showcase of Champions U17/16 Boys"
"Crossfire Premier B B01","Crossfire Premier B01 B","RCL B01 Div 3"
"Crossfire Premier B B01","CROSSFIRE PREMIER B01 B LEE (WA)","Nike Crossfire Challenge Gold Group U17"
"Crossfire Premier B B01","CROSSFIRE PREMIER B01 B LEE (WA)","REDAPT Cup Gold U17"
"Crossfire Premier B B01","Crossfire 01 Lee","Rainier Challenge Copa U17"
"Crossfire Premier B B01","Crossfire Premier B01 B","WYS Presidents Cup B01 Division 1"
"Crossfire Premier USSDA B03","CROSSFIRE PREMIER B03 JAMES (WA)","Nike Crossfire Challenge Super Group U17"
"Crossfire Premier USSDA B03","CROSSFIRE PREMIER 03 ACADEMY (WA)","REDAPT Cup Gold U17"
"Crossfire Premier USSDA B03","CROSSFIRE PREMIER 03 ACADEMY","Showcase of Champions U17/16 Boys"
"Crossfire Select Greenwalt B01","CFS B01 Greenwalt","RCL B01 Div 4"
"Crossfire Select Greenwalt B01","Crossfire Select B01 Greenwalt","Eastside FC Cup BU17"
"Crossfire Select Greenwalt B01","CROSSFIRE SELECT B01 GREENWALT (WA)","Nike Crossfire Challenge Gold Group U17"
"Crossfire Select Greenwalt B01","CROSSFIRE SELECT GREENWALT","Clash At the Border Super"
"Crossfire Select Greenwalt B01","CROSSFIRE SELECT GREENWALT (WA)","Timbers Winter Showcase 2001 Showcase U17"
"Crossfire Select Greenwalt B01","CFS B01 Greenwalt","WYS Presidents Cup B01 Division 1"
"Crossfire Select Luna B02","Crossfire Select B02 Luna","Crossfire Select U17 Gold"
"Crossfire Select Perry B01","Crossfire Select B01 Perry","NPSL DIVISION 3 (01) U17"
"Crossfire Select Perry B01","CFS B01 - Silver - Perry","Founders Cup B01 Div A"
"Crossfire Select Taylor B01","Crossfire Select B01 Taylor","NPSL DIVISION 1 (01) U17"
"Crossfire Select Taylor B01","55 Crossfire Select B01 Taylor","Baker Blast U16-17"
"Crossfire Select Taylor B01","CFS B01 - Gold - Taylor","Founders Cup B01 Div A"
"Crossfire Select Toon B02","Crossfire Select B02 Toon","Crossfire Select U17 Gold"
"Crossfire Yakima A B01","Crossfire Yakima -B01A","RCL B01 Div 2"
"Crossfire Yakima A B01","CROSSFIREYAKIMA B01 (WA)","Nike Crossfire Challenge Gold Group U17"
"CSC Storm Navy B01","CSC 01B","Beaverton Cup U17 Silver"
"Diablo FC B01","GALA FC U17A (WA)","WA Cup Silver U17"
"Eastside FC Blue B01","Eastside FC B01 Blue","Labor Day Cup BU17 Silver"
"Eastside FC Blue B01","Eastside FC B01 Blue C","RCL B01 Div 4"
"Eastside FC Blue B01","EFC B01 Blue","Rainier Challenge Samba U17"
"Eastside FC Blue B01","Eastside FC B01 Blue C","WYS Presidents Cup B01 Division 2"
"Eastside FC Blue B01","Eastside FC B01 Blue","PacNW Winter Classic 2001 Boys Showcase Premier 2"
"Eastside FC Red B01","Eastside FC B01 Red A","RCL B01 Div 1"
"Eastside FC Red B01","Eastside FC B01 Red","Rainier Challenge Copa U17"
"Eastside FC Red B01","Eastside FC B01 Red A","WYS Championship B01"
"Eastside FC Red B01","Eastside FC B01 Red (WA)","FWRL NW B01"
"Eastside FC White B01","Eastside FC B01 White","Eastside FC Cup BU17"
"Eastside FC White B01","Eastside FC B01 White B","RCL B01 Div 2"
"Eastside FC White B01","EASTSIDE FC B01 WHITE","Showcase of Champions U17/16 Boys"
"Eastside FC White B01","EASTSIDE FC B01 WHITE","Snohomish United Invit Gold"
"Eastside FC White B01","EASTSIDE FC B01 WHITE (WA)","Nike Crossfire Challenge Super Group U17"
"Eastside FC White B01","Eastside FC B01 White B","WYS Championship B01"
"Eastside FC White B01","Eastside FC B01 White","PacNW Winter Classic 2001 Boys Showcase Premier"
"Eastside Timbers Black B01","EASTSIDE TIMBERS 2001 BOYS BLACK (OR)","Oswego Nike Cup Silver U17"
"Eastside Timbers Black B01","EASTSIDE TIMBERS FC 2001 BLACK","Clash At the Border Gold/Silver/Bronze"
"Eastside Timbers Black B01","EASTSIDE TIMBERS 2001 BOYS BLACK (OR)","Timbers Winter Showcase 2001 Showcase U17"
"Eastside Timbers Black B01","EST 01B Black","PTT Winter B01 Division 1"
"Eastside Timbers Red B01","EASTSIDE TIMBERS FC 2001 RED EASTSIDE TIMBERS (OR)","Nike Crossfire Challenge Gold Group U17"
"Eastside Timbers Red B01","EASTSIDE TIMBERS FC 2001 RED EASTSIDE TIMBERS (OR)","Oswego Nike Cup Gold U17"
"Eastside Timbers Red B01","EASTSIDE TIMBERS FC 2001 RED EASTSIDE TIMBERS (OR)","Timbers Winter Showcase 2001 FWRL U17"
"Eastside Timbers Red B01","EST 01B Red","PTT Winter B01 Premier"
"Eastside Timbers Red B01","Eastside Timbers 01 Red Ajax (OR)","FWRL NW B01"
"Eclipse FC B01","ECLIPSE FC 01","WA Rush Cup BU17 Gold"
"Eclipse FC B01","ECLIPSE FC 01 (WA)","WA Cup Silver U17"
"Eclipse FC B01","Eclipse FC Eclipse B01","PSPL WSPL U17"
"Eclipse FC B01","BH Eclipse 2001","Starfire Spring Classic BU17"
"Eclipse FC B01","BH Eclipse 2001","Sounders FC Cup BU17"
"Eclipse FC B01","BH Eclipse 2001","Labor Day Cup BU17 Gold"
"Eclipse FC B01","Eclipse FC Eclipse B01","PSPL Win HS Super League U17"
"Eclipse FC B01","STU Eclipse [B01]","PacNW Winter Classic 2001 Boys Showcase Premier 2"
"Edmonton Drillers B01","EDMONTON DRILLERS DRILLERS DELUCA","Showcase of Champions U17/16 Boys"
"Emerald City FC Green B01","Emerald City FC B01","Labor Day Cup BU17 Silver"
"Emerald City FC Green B01","EMERALD CITY FC ECFC M01 GREEN (WA)","WA Cup Bronze U17"
"Emerald City FC Green B01","Emerald City FC M01 Green","PSPL Classic - Red U17"
"Emerald City FC Green B01","Emerald City FC B01 Green","PSPL Win HS Classic 1 - West U17"
"EPIC B01","EPIC","Skagit Firecracker Div. 1 U17"
"ETFC Valencia Black B01","EUGENE TIMBERS FC ETFC 01 VALENCIA BLACK (OR)","Timbers Winter Showcase 2001 Showcase U17"
"ETFC Valencia Black B01","EUGENE TIMBERS FC ETFC 01 VALENCIA BLACK (OR)","Timbers Winter Showcase 2001 FWRL U17"
"ETFC Valencia Black B01","ETFC Valencia Black","Portland Winter Showcase U17"
"ETFC Valencia Black B01","ETFC 01B Valencia Black","PTT Winter B01 Premier"
"ETFC Valencia Red B01","EUGENE TIMBERS FC ETFC 01B VALENCIA RED (OR)","Oswego Nike Cup Silver U17"
"ETFC Valencia Red B01","ETFC B01 Valencia Red","Beaverton Cup U17 Silver"
"ETFC Valencia Red B01","ETFC 01B Valencia Red","PTT Winter B01 Division 1"
"Evolution FC DC United B01","EVOLUTION FC 01B DC UNITED","Clash At the Border Super"
"FC Edmonds Riptide B01","FC Edmonds Riptide","PSPL WSPL U17"
"FC Edmonds Riptide B01","FC EDMONDS RIPTIDE (WA)","REDAPT Cup Gold U17"
"FC Edmonds Riptide B01","FC EDMONDS RIPTIDE","WA Rush Cup BU17 Gold"
"FC Edmonds Riptide B01","FC Edmonds Riptide","PSPL Win HS Super League U17"
"FC Portland Navy B01","FC PORTLAND ACADEMY FC PORTLAND 2001 BOYS NAVY (OR)","Timbers Winter Showcase 2001 Showcase U17"
"FC Portland Navy B01","FC PORTLAND ACADEMY FC PORTLAND 2001 BOYS NAVY (OR)","Timbers Winter Showcase 2001 FWRL U17"
"FC Portland Navy B01","FCP 01B Navy","Beaverton Cup U17 Gold"
"FC Portland Navy B01","FC Portland Boys 2001 Navy","Portland Winter Showcase U17"
"FC Portland Navy B01","FC Portland 01B NAVY","PTT Winter B01 Premier"
"FC Portland White B01","FC Portland Boys 2001 White","Portland Winter Showcase U17"
"FC Portland White B01","FC Portland 01B WHITE","PTT Winter B01 Division 1"
"FME Xtreme B01","FME Xtreme 01","Seattle Cup BU17"
"FME Xtreme B01","FME Xtreme B01","NPSL DIVISION 3 (01) U17"
"FME Xtreme B01","FME Xtreme B01 - Hemphill","Founders Cup B01 Div A"
"FPSC Fury Black B01","FPSC Fury B01 Black","PSPL WNPL U17"
"FPSC Fury Black B01","FPSC FURY B01 BLACK (WA)","Nike Crossfire Challenge Gold Group U17"
"FPSC Fury Black B01","FPSC FURY B01 BLACK (WA)","WA Cup Gold U17"
"FPSC Fury Black B01","FPSC Fury B01 Black","PSPL Win HS Super League U17"
"FPSC Fury Black B01","FPSC Fury B01 Black","PacNW Winter Classic 2001 Boys Showcase Premier 2"
"FRAM Premier B01","FRAM B01-Britton","FWRL CAS B01"
"Fraser Valley Premier B00","FRASER VALLEY PREMIER 2000 (CND:BC)","SX Cup Boys U17/18 Premier - Tier 1 U17"
"Fraser Valley Premier B01","FRASER VALLEY PREMIER (CND:BC)","SX Cup Boys U17/18 Premier - Tier 1 U17"
"Fraser Valley Premier B01","Fraser Valley Premier","BCSPL B01"
"Fraser Valley Selects B01","FV Selects U17 Boys","Starfire Spring Classic BU17"
"FSC Warriors B00","FSC Warriors","SSUL B01 18 Division 3"
"Fuerza FC Academy B02","Fuerza FC B2002","Crossfire Select U17 Gold"
"Fullerton Rangers Blue B01","Fullerton Rangers B01 Blue","FWRL CAS B01"
"Fusion FC B01","FUSION 2001 (CND)","SX Cup Boys U17/18 Premier - Tier 1 U17"
"Fusion FC B01","Fusion FC","BCSPL B01"
"FWFC Select 1 B01","FWFC Select Blanco","Xtreme Cup BU17"
"FWFC Select 1 B01","FWFC B01 Select Blanco","NPSL DIVISION 2 (01) U17"
"FWFC Select 2 B01","FWFC B01 Select Bui","Xtreme Cup BU17"
"FWFC Select B01","FWFC B01 Select","NPSL DIVISION 2 (01) U17"
"FWFC Select B01","FWFC B01 Select SM","Founders Cup B01 Div A"
"FWFC Select B01","FWFC B01 Select","Founders Cup B01 Div A"
"FWFC Sharks B00","FWFC B00 Sharks","SSUL B01 18 Division 3"
"Gala FC B01","Gala FC Boys U17A","Seattle Cup BU17"
"Gala FC B01","Gala FC Boys U17A","Xtreme Cup BU17"
"Gala FC B01","Gala FC Boys U17A","PSPL Classic - Red U17"
"Gala FC B01","Gala FC U17a","PSPL Win HS Classic 1 - West U17"
"GPS Oregon B01","GPS OR 01 B","US Club Regionals B01"
"GPS Oregon B01","GPS Oregon 01B","Portland Winter Showcase U17"
"GPS Oregon B01","IFC 01B Oregon GPS","PTT Winter B01 Premier"
"GS Surf A B01","GREATER SEATTLE SURF SC GS SURF B01A (WA)","Nike Crossfire Challenge Super Group U17"
"GS Surf A B01","GREATER SEATTLE SURF SC GS SURF B01A (WA)","Bigfoot Gold U17"
"GS Surf A B01","GS Surf B01 A","RCL B01 Div 1"
"GS Surf A B01","GREATER SEATTLE SURF SC GS SURF B01A (WA)","Timbers Winter Showcase 2001 FWRL U17"
"GS Surf A B01","GS Surf B01 A","WYS Championship B01"
"GS Surf A B01","GS Surf B01 A Nuon (WA)","FWRL NW B01"
"GS Surf B B01","GS Surf B01 B","RCL B01 Div 3"
"GS Surf B B01","GS Surf B01 White","Sounders FC Cup BU17"
"GS Surf B B01","25 GS Surf B01 White","Rimland Challenge U17"
"GS Surf B B01","GREATER SEATTLE SURF B01 B","Clash At the Border Gold/Silver/Bronze"
"GS Surf B B01","GS Surf B01 B","WYS Presidents Cup B01 Division 2"
"GS Surf B B01","Greater Seattle Surf B01B","PacNW Winter Classic 2001 Boys Showcase Premier"
"Guildford Dynamo B01","56 Guildford Athletic Club Dynamo","Baker Blast U17"
"Guildford Stallions B00","SURREY UNITED STALLIONS (CND)","SX Cup Boys U17/18 Gold - Tier 3 U17"
"Harbor Barracudas B01","Harbor B01 Baraccudas","SSUL B01 18 Division 3"
"Harbor Premier Green B01","Harbor Premier BCS","PacNW Winter Classic 2001 Boys Showcase Premier 2"
"HSC Bayern B01","HILLSBORO HSC BAYERN","PCU Summer Classic U16-U17 Black"
"HSC Bayern B01","HSC Boys Bayern 01","Beaverton Cup U17 Gold"
"HSC Bayern B01","HSC Bayern","Portland Winter Showcase U17"
"HSC Bayern B01","HSC 01B Bayern","PTT Winter B01 Division 1"
"IFC Red B01","IFC B01 Red/Schmeck","NPSL DIVISION 3 (01) U17"
"IFC Red B01","ISSAQUAH FC SELECT B01 RED (WA)","Bigfoot Silver U17"
"Irish Lions B01","61 Irish Lions","Baker Blast U17"
"ISC Gunners A B01","ISC Gunners B01A","Labor Day Cup BU17 Gold"
"ISC Gunners A B01","ISC Gunners B01A","PSPL WNPL U17"
"ISC Gunners A B01","ISC GUNNERS FC ISC GUNNERS B01 A","Showcase of Champions U17/16 Boys"
"ISC Gunners A B01","ISC GUNNERS FC ISC GUNNERS B01 A (WA)","Nike Crossfire Challenge Super Group U17"
"ISC Gunners A B01","ISC GUNNERS FC ISC GUNNERS B01 A (WA)","WA Cup Gold U17"
"ISC Gunners A B01","ISC GUNNERS FC ISC GUNNERS B01 A (WA)","Timbers Winter Showcase 2001 Showcase U17"
"ISC Gunners A B01","ISC Gunners B01A","US Club Regionals B01"
"ISC Gunners A B01","ISC Gunners B01A","PSPL Win HS Super League U17"
"ISC Gunners A B01","ISC Gunners B01A","PacNW Winter Classic 2001 Boys Showcase Premier"
"ISC Gunners B B01","ISC Gunners B01B","Starfire Spring Classic BU17"
"ISC Gunners B B01","ISC Gunners B01B","Sounders FC Cup BU17"
"ISC Gunners B B01","ISC Gunners B01B","PSPL Classic - Blue U17"
"ISC Gunners B B01","ISC GUNNERS FC ISC GUNNERS B01B (WA)","REDAPT Cup Gold U17"
"ISC Gunners B B01","ISC GUNNERS FC ISC GUNNERS B01B (WA)","WA Cup Bronze U17"
"ISC Gunners B B01","ISC Gunners B01B","PSPL Win HS Classic 1 - West U17"
"ISC Gunners B B01","ISC Gunners B01B","PacNW Winter Classic 2001 Boys Showcase Premier 2"
"ISC Gunners Select B02","ISC Gunners B02 Select","Crossfire Select U17 Gold"
"Kelowna United B01","57 Kelowna United U16Boys","Baker Blast U17"
"Kelowna United B01","Kelowna United U17 Boys","PacNW Winter Classic 2001 Boys Showcase Premier 2"
"Kelowna United B02","51 Kelowna United 02 Boys","Baker Blast U16-17"
"Kent United Green B01","Kent United B01 Green","Rainier Challenge Samba U17"
"Kent United Green B01","Kent United B01 Green","RCL B01 Div 3"
"Kent United Green B01","KENT UNITED B01 GREEN (WA)","Nike Crossfire Challenge Silver Group U17"
"Kent United Green B01","KENT UNITED B01 GREEN (WA)","Bigfoot Gold U17"
"Kent United Green B01","Kent United B01 Green","WYS Presidents Cup B01 Division 1"
"Kent United Green B01","Kent United B01 Green","PacNW Winter Classic 2001 Boys Showcase Premier"
"Kitsap Alliance FC Red B01","Kitsap Alliance FC","Rainier Challenge Copa U17"
"Kitsap Alliance FC Red B01","Kitsap Alliance FC - B01 A","RCL B01 Div 3"
"Kitsap Alliance FC Red B01","KITSAP ALLIANCE FC B01 A (WA)","Nike Crossfire Challenge Gold Group U17"
"Kitsap Alliance FC Red B01","KITSAP ALLIANCE FC B01 KRUG","Labor Day Cup BU17 Gold"
"Kitsap Alliance FC Red B01","KITSAP ALLIANCE FC B01 A (WA)","Timbers Winter Showcase 2001 Showcase U17"
"Kitsap Alliance FC Red B01","Kitsap Alliance FC - B01 A","WYS Presidents Cup B01 Division 1"
"Kitsap Alliance FC Red B01","Kitsap Alliance FC B01 Krug","PacNW Winter Classic 2001 Boys Showcase Premier"
"LA Galaxy San Diego Elite B01","LAGSD B01 Elite-Gurley","FWRL CAS B01"
"Lake Hills Inferno B02","Lake Hills B02","Crossfire Select U17 Gold"
"Langley United Dragons B00","LANGLEY UNITED DRAGONS (CND:BC)","SX Cup Boys U17/18 Gold - Tier 3 U17"
"Langley United Metro Selects B01","58 Langley Utd. U17 Woelk","Baker Blast U17"
"Langley United Metro Selects B01","Langley United","Cranberry Cup U16-17"
"Las Vegas Sports Academy Red B01","LVSA '01 BOYS RED","FWRL Desert 2001 U17"
"Las Vegas Sports Academy Red B01","LVSA 01 Red (NV)","Far West Regionals U16"
"LCYSA NCU B01","LCYSA 01B NCU","PTT Winter B01 Division 2"
"Liga Tlaxtli FC Guerreros B01","Laliga Tlaxtli","Skagit Firecracker Div. 1 U17"
"Mad River United Elite B01","Mad River United Elite","Portland Winter Showcase U17"
"Martin Bittengl B02","Martin Bittengl SoS","Cranberry Cup U16-17"
"MBSOS FC B01","52 MBSOS FC","Baker Blast U16-17"
"Medford United Mutiny B01","Ashland SC 01B MUFC Mutiny","PTT Winter B01 Division 1"
"Missoula Strikers Red B01","Missoula Strikers Red 01 PR (MT)","Far West Regionals U16"
"Missoula Strikers White B01","MISSOULA STRIKERS RED 2001B-PR","Showcase of Champions U17/16 Boys"
"Mountain United B01","Mountain United FC","BCSPL B01"
"MpVSA Avalance B01","MpVSA B01 Avalanche","SSUL B01 18 Division 3"
"Mukilteo Rush B02","Rush Select B02 Adusei","Crossfire Select U17 Gold"
"Mukilteo Rush Nero B02","Rush Select B02 Nero Adusei","Crossfire Select U17 Gold"
"MVP Rapids Navy B01","MAPLE VALLEY PREMIER (MVP) MVP RAPIDS '01 NAVY","Showcase of Champions U17/16 Boys"
"MVP Rapids Navy B01","MAPLE VALLEY PREMIER (MVP) MVP RAPIDS '01 NAVY (WA)","Nike Crossfire Challenge Silver Group U17"
"MVP Rapids Navy B01","MAPLE VALLEY PREMIER (MVP) MVP RAPIDS '01 NAVY (WA)","WA Cup Silver U17"
"MVP Rapids Navy B01","MVP Rapids '01 Navy","PSPL WSPL U17"
"MVP Rapids Navy B01","MVP 01 Rapids Navy","PSPL Win HS Classic 1 - West U17"
"NEU -Unk B01","NEU B01 (OR)","Oswego Nike Cup Gold U17"
"NEU Blue B01","NEU PDX 01B Blue","PTT Winter B01 Division 2"
"NEU Lazio Blue B01","NEU 01 B BLUE","PCU Summer Classic U16-17 Red"
"NEU White B01","NEU PDX 01B White","PTT Winter B01 Division 1"
"Newport FC Barca B01","Newport FC B'01 Barca","NPSL DIVISION 2 (01) U17"
"Newport FC Barca B01","Newport FC B01 Barca","Seattle Cup BU17"
"Newport FC Barca B01","Newport FC B01 Barca","Xtreme Cup BU17"
"Newport FC Barca B01","Newport FC B01 Barca","Founders Cup B01 Div A"
"NK Havoc B01","North Kitsap Havoc 01","NPSL DIVISION 2 (01) U17"
"Nortac Sparta Red B01","NORTAC SPARTA B01 Red","PSPL Classic - Red U17"
"Nortac Sparta Red B01","NORTAC SPARTA BOYS 2001 RED (WA)","WA Cup Bronze U17"
"NPSA Titans Navy B01","NPSA B01 Navy","Skagit Firecracker Div. 1 U17"
"NPSA Titans Navy B01","NPSA B01 Navy","Rainier Challenge Copa U17"
"NPSA Titans Navy B01","NPSA B01 Navy Bellevue","PSPL WNPL U17"
"NPSA Titans Navy B01","NPSA Titans B01 Navy","Labor Day Cup BU17 Gold"
"NPSA Titans Navy B01","NPSA TITANS B01 NAVY","WA Rush Cup BU17 Gold"
"NPSA Titans Navy B01","NPSA TITANS B01 NAVY BELLEVUE (WA)","WA Cup Gold U17"
"NPSA Titans Navy B01","NPSA B01 Navy Bellevue","PSPL Win HS Super League U17"
"NPSA Titans Navy B01","NPSA Titans B01 Navy","PacNW Winter Classic 2001 Boys Showcase Premier 2"
"NPSA Titans White B01","NPSA B01 White","Skagit Firecracker Div. 1 U17"
"NPSA Titans White B01","NPSA B01 White Bellevue","Rainier Challenge Copa U17"
"NPSA Titans White B01","NPSA B01 White Bellevue","PSPL WSPL U17"
"NPSA Titans White B01","NPSA Titans B01 White","Labor Day Cup BU17 Gold"
"NPSA Titans White B01","NPSA TITANS B01 WHITE BELLEVUE (USA)","WA Cup Silver U17"
"NSC Force B02","NSC Force B02","Cranberry Cup U16-17"
"NSC Green Wave B01","NSC B01 Green-Wave","Starfire Spring Classic BU17"
"NSC Green Wave B01","NSC B01 Green-Wave","Xtreme Cup BU17"
"NSC Green Wave B01","NSC B01 Wave","NPSL DIVISION 1 (01) U17"
"NSC White B01","NSC B01 White","Labor Day Cup BU17 Silver"
"NSC White B01","NSC B01 White","NPSL DIVISION 3 (01) U17"
"NSC White B01","NSC B01 White","Cranberry Cup U16-17"
"NSC White B01","NSC Wave B01 White","Founders Cup B01 Div A"
"NW United Red B01","26 NWUnited B01 Red","Rimland Challenge U17"
"NW United Red B01","Northwest United - BU17 Red","RCL B01 Div 4"
"NW United Red B01","NW United B01 Red","Seattle Cup BU17"
"NW United Red B01","NW UNITED B01 RED (WA)","Bigfoot Gold U17"
"NWSC Deception FC B01","Deception FC B01","Skagit Firecracker Div. 2 U17"
"NWSC Deception FC B01","NWSC Deception FC 01B","Sounders FC Cup BU17"
"NWSC Deception FC B01","NWSC Deception FC 01B","Xtreme Cup BU17"
"Oregon Futbol Academy Azul B01","OFA 01B Azul","PTT Winter B01 Division 1"
"Outlaws -Unk B01","Outlaws 01B - ZP","Portland Winter Showcase U17"
"Pacific FC Fire B02","PACIFIC FC 02 FIRE","PCU Summer Classic U16-17 Red"
"PacNW Blue B01","PACIFIC NORTHWEST PACNW 01 BLUE (WA)","Nike Crossfire Challenge Gold Group U17"
"PacNW Blue B01","PacNW B01 Blue B","RCL B01 Div 2"
"PacNW Blue B01","PacNW Soccer Club B01 Blue","Rainier Challenge Samba U17"
"PacNW Blue B01","PacNW B01 Blue B","WYS Presidents Cup B01 Division 1"
"PacNW Blue B01","PacNW B01 Blue B","PacNW Winter Classic 2001 Boys Showcase Premier"
"PacNW Maroon B01","PacNW B01 Maroon A","RCL B01 Div 1"
"PacNW Maroon B01","PACNW 01 MAROON (WA)","Timbers Winter Showcase 2001 FWRL U17"
"PacNW Maroon B01","PacNW B01 Maroon A","WYS Championship B01"
"PacNW Maroon B01","PacNW B01 Maroon (WA)","FWRL NW B01"
"PASS Academy B00","PASS ACADEMY B00 (WA)","SX Cup Boys U17/18 Premier - Tier 1 U17"
"PASS Academy B01","PASS ACADEMY B01 (WA)","SX Cup Boys U17/18 Premier - Tier 1 U17"
"PCSC Cosmos B02","PCSC Cosmos B02","Crossfire Select U17 Gold"
"PCSC Cosmos FC B01","PCSC Cosmos FC","Rainier Challenge Copa U17"
"PCSC Cosmos FC B01","PCSC Cosmos FC","PSPL WNPL U17"
"PCSC Cosmos FC B01","PCSC COSMOS FC B01 (WA)","Oswego Nike Cup Gold U17"
"PCSC Cosmos FC B01","PCSC COSMOS FC B01 (WA)","WA Cup Gold U17"
"PCSC Cosmos FC B01","PCSC Cosmos FC 01","US Club Regionals B01"
"PCSC Cosmos FC B01","PCSC Cosmos 01","PSPL Win HS Super League U17"
"PCU Black B01","PCU 2001B - BLACK","PCU Summer Classic U16-U17 Black"
"PCU Black B01","PCU 2001B - BLACK","Clash At the Border Gold/Silver/Bronze"
"PCU Black B01","PCU 01B Black","PTT Winter B01 Division 2"
"PCU Black B02","PORTLAND CITY UNITED PCU02BLACK (OR)","Oswego Nike Cup Silver U17"
"PCU Red B01","PCU 2001B - RED","Clash At the Border Gold/Silver/Bronze"
"PCU Red B01","PORTLAND CITY UNITED SC PCU 2001B - RED (OR)","Oswego Nike Cup Silver U17"
"PCU Red B01","PORTLAND CITY UNITED SC PCU 2001B - RED (OR)","Timbers Winter Showcase 2001 Showcase U17"
"PCU Red B01","PCU 01B Red","PTT Winter B01 Division 1"
"PCU Union Red B02","PCU 02 UNION","PCU Summer Classic U16-17 Red"
"PGYSA Timberwolves B01","PGYSA TIMBERWOLVES (CND:BC)","SX Cup Boys U17/18 Metro - Tier 2 U17"
"Pinnacles FC B01","PINNACLES FC (CND)","SX Cup Boys U17/18 Metro - Tier 2 U17"
"Players Elite B01","PLAYERS SC 01 BOYS ELITE WHITE","FWRL Desert 2001 U17"
"Port Moody AC Selects B01","PORT MOODY SC (01) AC SELECTS (CND:BC)","SX Cup Boys U17/18 Premier - Tier 1 U17"
"PSA Force Black B01","PILCHUCK SOCCER ALLIANCE - FORCE PSA B01 FORCE_JAY (WA)","Bigfoot Silver U17"
"PSA Force Black B01","PSA Force B01_Jay","Skagit Firecracker Div. 2 U17"
"PSA Force Black B01","PSA Force B01_Jay","NPSL DIVISION 2 (01) U17"
"PSA Force Black B02","PSA Force B02 Barlew","Crossfire Select U17 Gold"
"PSPL Academy B01","PSPL SURF ACADEMY B'01 (WA)","Oswego Nike Cup Silver U17"
"Pumas UNAM B01","PUMAS UNAM FRESNO PUMAS UNAM 2001 MC","FWRL CAN CRL U17"
"Pumas UNAM B01","STU PUMAS","WA Rush Cup BU17 Gold"
"PVSC United Benfica B01","PVSC UNITED BENFICA","Yellowstone Cup Boys U17"
"Real Middleton AC Milan B00","REAL MIDDLETON CF AC MILAN","Yellowstone Cup Boys U17"
"Richmond FC Gunners B00","RICHMOND FC GUNNERS (CND)","SX Cup Boys U17/18 Gold - Tier 3 U17"
"Richmond FC Wolves B01","RICHMOND FC RFC WOLVES (CND:BC)","SX Cup Boys U17/18 Gold - Tier 3 U17"
"Rio Rapids SC B01","RIO RAPIDS SC 01","FWRL Desert 2001 U17"
"Rio Rapids SC B01","RIO Rapids SC 01 (NM) (SC)","Far West Regionals U16"
"River Plate SC 24K B01","RPSC River 24k","US Club Regionals B01"
"River Plate SC 24K B01","RPSC 01B River 24K","PTT Winter B01 Premier"
"Rocky Mountain FC B01","ROCKY MOUNTAIN FC RMFC 2001 BOYS (MT)","Nike Crossfire Challenge Silver Group U17"
"RSA Elite A B01","RSA Elite B01 Williams","Sounders FC Cup BU17"
"RSA Elite A B01","RSA Elite B01 Williams","Eastside FC Cup BU17"
"RSA Elite B B01","RSA Elite B01 Thompson","PSPL Classic - Blue U17"
"RSA Elite B B01","RSA ELITE B01 THOMPSON (WA)","WA Cup Bronze U17"
"RSA Elite B01","RSA Elite B01 Lopez","Eastside FC Cup BU17"
"RSA Elite B01","RSA Elite B01 Lopez","PSPL Classic - Red U17"
"RSA Elite B01","RSA ELITE B01 LOPEZ (WA)","Oswego Nike Cup Silver U17"
"RSA Elite B01","RSA ELITE B01 LOPEZ (WA)","WA Cup Bronze U17"
"RSA Elite B01","53 RSA Elite B01 Lopez","Baker Blast U16-17"
"RSA Elite B01","RSA Elite B01 Lopez","PSPL Win HS Classic 1 - West U17"
"RVSC Timbers Red B01","RVT 01B RED","Portland Winter Showcase U17"
"RVSC Timbers Red B01","RV Timbers 01B Red","PTT Winter B01 Premier"
"San Jose Earthquakes PDA B01","SJ EARTHQUAKES 01 PDA","FWRL CAN CRL U17"
"Santa Clara Sporting Green B01","SANTA CLARA SPORTING 01B GREEN","FWRL CAN CRL U17"
"Santa Clara Sporting Green B01","Santa Clara Sporting 01B Green (CA-N) (FWCN)","Far West Regionals U16"
"Santa Clara Sporting White B01","SANTA CLARA SPORTING 01B WHITE","FWRL CAN CRL U17"
"Santos FC Inter B01","SANTOS FC INTER","Clash At the Border Super"
"Santos FC Inter B01","Santos Inter","Beaverton Cup U17 Gold"
"Santos FC Inter B01","Santos FC Inter","Portland Winter Showcase U17"
"Santos FC Inter B01","Santos FC 01B Inter","PTT Winter B01 Premier"
"Santos FC Vipers B01","FC SANTOS FC VIPERS","Clash At the Border Gold/Silver/Bronze"
"Santos FC Vipers B01","Santos Vipers","Beaverton Cup U17 Silver"
"Santos FC Vipers B01","Santos FC 01B Vipers","PTT Winter B01 Division 1"
"SC del Sol B01","SC DEL SOL 01 BOYS","FWRL Desert 2001 U17"
"SC del Sol B01","SC del Sol 01 Boys (AZ) (FWD)","Far West Regionals U16"
"Seaside HS B01","SEASIDE","PCU Summer Classic U16-U17 Black"
"Seattle Celtic Green B01","Seattle Celtic B01 Green","Xtreme Cup BU17"
"Seattle Celtic Green B01","Seattle Celtic B01 Green","PSPL Classic - Red U17"
"Seattle Celtic Green B01","SEATTLE CELTIC B01 GREEN (WA)","WA Cup Bronze U17"
"Seattle Celtic Green B01","Seattle Celtic B01/02 Green","PSPL Win HS Classic 1 - West U17"
"Seattle United Copa B01","Seattle United 01 Copa (WA)","Far West Regionals U16"
"Seattle United Copa B01","Seattle United B01 Copa A","RCL B01 Div 1"
"Seattle United Copa B01","Seattle United B01 Copa A","WYS Championship B01"
"Seattle United Copa B01","Seattle United B01 Copa A (WA)","FWRL NW B01"
"Seattle United NE Blue B02","SU Northeast B02 Blue","Crossfire Select U17 Gold"
"Seattle United S Blue B01","Seattle United B01 South Blue","Skagit Firecracker Div. 2 U17"
"Seattle United S Blue B01","Seattle United South B01 Blue","NPSL DIVISION 1 (01) U17"
"Seattle United S Blue B01","Seattle United South Blue B01","Labor Day Cup BU17 Silver"
"Seattle United S Blue B01","Seattle United South B01 Blue","Founders Cup B01 Div A"
"Seattle United Samba B01","Seattle United B01 Samba","Rainier Challenge Samba U17"
"Seattle United Samba B01","Seattle United B01 Samba","Eastside FC Cup BU17"
"Seattle United Samba B01","Seattle United B01 Samba C","RCL B01 Div 3"
"Seattle United Samba B01","SU B01 Samba","Beaverton Cup U17 Silver"
"Seattle United Samba B01","Seattle United B01 Samba C","WYS Presidents Cup B01 Division 2"
"Seattle United Samba B01","SU B01 Samba","PacNW Winter Classic 2001 Boys Showcase Premier 2"
"Seattle United Shoreline Blue B01","Seattle United SH B01 Blue","NPSL DIVISION 2 (01) U17"
"Seattle United Shoreline Blue B01","Seattle United Shoreline Blue B01","Seattle Cup BU17"
"Seattle United Shoreline Blue B01","Seattle United Shoreline Blue B01","Xtreme Cup BU17"
"Seattle United Shoreline Blue B01","Seattle United SH B01 Blue","Founders Cup B01 Div A"
"Seattle United Shoreline Blue B02","SU Shoreline B02 Blue","Crossfire Select U17 Gold"
"Seattle United Tango B01","Seattle United B01 Tango","Rainier Challenge Samba U17"
"Seattle United Tango B01","Seattle United B01 Tango","Eastside FC Cup BU17"
"Seattle United Tango B01","Seattle United B01 Tango B","RCL B01 Div 2"
"Seattle United Tango B01","SU B01 Tango","Beaverton Cup U17 Gold"
"Seattle United Tango B01","Seattle United B01 Tango B","RCL B01 7V2"
"Seattle United Tango B01","Seattle United B01 Tango B","WYS Presidents Cup B01 Division 1"
"Seattle United Tango B01","Seattle United B01 Tango","PacNW Winter Classic 2001 Boys Showcase Premier"
"Seattle United W Blue B01","Seattle United B01 West Blue","Seattle Cup BU17"
"Seattle United W Blue B01","Seattle United West B01 Blue","NPSL DIVISION 1 (01) U17"
"Seattle United W Blue B01","SEATTLE UNITED WEST B01 BLUE","Snohomish United Invit Gold"
"Seattle United W Blue B01","Seattle United West B01 Blue","Founders Cup B01 Div A"
"Seattle United W White B02","SU West B02 White","Crossfire Select U17 Gold"
"SF Glens Evolution Black B01","SF GLENS EVOLUTION 01B BLACK","Clash At the Border Super"
"SGU B01","SURREY GUILDFORD UNITED (CND:BC)","SX Cup Boys U17/18 Metro - Tier 2 U17"
"Sharks -Unk B02","Carr/Sharks B02","Cranberry Cup U16-17"
"Shoreline Sportsverrou B01","Shoreline Sports Club Verrou B01","PSPL Classic - Red U17"
"Snohomish United Black B01","SNOHOMISH UNITED 01 BLACK A - HENDERSON (WA)","Nike Crossfire Challenge Super Group U17"
"Snohomish United Black B01","SNOHOMISH UNITED B01 BLACK (WA)","Bigfoot Gold U17"
"Snohomish United Black B01","SNOHOMISH UNITED BLACK A","RCL B01 Div 2"
"Snohomish United Black B01","SNOHOMISH UNITED BLACK A","WYS Championship B01"
"Snohomish United Black B02","SNOHOMISH B02BLACK","Snohomish United Invit Gold"
"Snohomish United Red B01","SNOHOMISH UNITED B01 RED (WA)","Bigfoot Silver U17"
"Snohomish United Red B01","Snohomish United Red B","Skagit Firecracker Div. 2 U17"
"Snohomish United Red B01","SNOHOMISH UNITED Red B","RCL B01 Div 4"
"Snohomish United Red B01","SYSC SNOHOMISH UNITED 01 RED B","Snohomish United Invit Gold"
"Snohomish United Red B01","SNOHOMISH UNITED BU16 RED (WA)","REDAPT Cup Gold U17"
"Snohomish United Red B01","SNOHOMISH UNITED Red B","WYS Presidents Cup B01 Division 2"
"Southlake Select Red B02","Southlake B02 Red","Crossfire Select U17 Gold"
"Southlake Select TUSK United B02","Tusk United","Crossfire Select U17 Gold"
"Southlake Select Vipers B01","Southlake Select B01 Red","NPSL DIVISION 1 (01) U17"
"Southlake Select Vipers B01","Southlake Select B01 Vipers","Labor Day Cup BU17 Silver"
"Spokane Sounders A B01","Spokane Sounders B01A","RCL B01 Div 1"
"Spokane Sounders A B01","SSC SOUNDERS SOUNDERS B01A RASTOCK (WA)","Nike Crossfire Challenge Super Group U17"
"Spokane Sounders A B01","Spokane Sounders B01 A Rastok","Portland Winter Showcase U17"
"Spokane Sounders A B01","Spokane Sounders B01A","WYS Championship B01"
"Spokane Sounders B B01","Spokane Sounders B01B","RCL B01 Div 3"
"Spokane Sounders B B01","SSC SOUNDERS B01 SHALE (WA)","Nike Crossfire Challenge Silver Group U17"
"Spokane Sounders B B01","SSC SOUNDERS B01 SHALE (WA)","Oswego Nike Cup Silver U17"
"Spokane Sounders B B01","Spokane Sounders B01B","WYS Presidents Cup B01 Division 1"
"Sting SC Timbers Red B01","STING TIMBERS FC 01/02B RED (ID)","Timbers Winter Showcase 2001 FWRL U17"
"Sting SC Timbers Red B01","Sting Timbers FC 01B (ID)","FWRL NW B01"
"Storm King B01","Storm King B01","Labor Day Cup BU17 Silver"
"Storm King B01","Storm King B01","NPSL DIVISION 1 (01) U17"
"Storm King B01","Storm King So - BU17","Founders Cup B01 Div A"
"Strikers FC SB Black B01","Strikers South Bay | Black - Chorvat","FWRL CAS B01"
"STU Evolution Black B01","STU BU17 Garcia","Sounders FC Cup BU17"
"STU Evolution Black B01","STU Evolucion 01 Garcia","NPSL DIVISION 1 (01) U17"
"STU Evolution Black B01","STU Evolution B01 Garcia","Starfire Spring Classic BU17"
"STU Evolution Black B01","STU Evolution BU17 Garcia","Labor Day Cup BU17 Gold"
"STU Evolution Black B01","STU Evolution B01 Garcia","Founders Cup B01 Div A"
"Surrey United B00","SURREY UNITED 2000B (CND:BC)","SX Cup Boys U17/18 Premier - Tier 1 U17"
"Surrey United B01","SURREY UNITED SUSC 2001 (CND)","SX Cup Boys U17/18 Premier - Tier 1 U17"
"Surrey United B01","Surrey United SC","BCSPL B01"
"Teton FC B00","TETON FC U17 BOYS","Yellowstone Cup Boys U17"
"Thompson Okanagan FC B01","Thompson Okanagan FC","BCSPL B01"
"THUSC Steel B01","THUSC STEEL (OR)","SX Cup Boys U17/18 Metro - Tier 2 U17"
"THUSC Steel B01","THUSC STEEL","Clash At the Border Gold/Silver/Bronze"
"THUSC Steel B01","THUSC Steel","Beaverton Cup U17 Gold"
"THUSC Steel B01","THUSC 01B Steel","PTT Winter B01 Premier"
"THUSC Thorium B01","THUSC 01B Thorium","PTT Winter B01 Division 2"
"TOFC Canada B01","TOFC 2001 (CND)","SX Cup Boys U17/18 Premier - Tier 1 U17"
"TSS Excel B02","TSS FC Excel","Crossfire Select U17 Gold"
"Tynecastle FC B01","Tynecastle FC B01","PSPL WNPL U17"
"Tynecastle FC B01","TYNECASTLE FC B01 (WA)","REDAPT Cup Gold U17"
"Tynecastle FC B01","TYNECASTLE FC B01 (WA)","WA Cup Gold U17"
"Upper Island Storm B01","UPPER ISLAND STORM VIPL STORM (CND:BC)","SX Cup Boys U17/18 Metro - Tier 2 U17"
"Valparaiso United B01","VALPARAISO UNITED FC 01 BOYS JG","FWRL Desert 2001 U17"
"Valparaiso United B01","Valparaiso United FC 01 JG (AZ) (SC)","Far West Regionals U16"
"Vancouver Athletic FC Liberos B01","VANCOUVER ATHLETIC FC LIBEROS (CND)","SX Cup Boys U17/18 Gold - Tier 3 U17"
"Vancouver FC B00","VANCOUVER FC U18 BOYS (CND)","SX Cup Boys U17/18 Metro - Tier 2 U17"
"Vancouver FC B01","VANCOUVER FC U17 BOYS (CND)","SX Cup Boys U17/18 Metro - Tier 2 U17"
"Vancouver Island Wave B01","Vancouver Island Wave","BCSPL B01"
"WA Rush B01","WASHINGTON RUSH B01","Showcase of Champions U17/16 Boys"
"WA Rush B01","WASHINGTON RUSH B01 (WA)","Nike Crossfire Challenge Super Group U17"
"WA Rush B01","Washington Rush B01 A","RCL B01 Div 1"
"WA Rush B01","Washington Rush Boys 2001 (WA) (SC)","Far West Regionals U16"
"WA Rush B01","WASHINGTON RUSH B01 (WA)","Timbers Winter Showcase 2001 FWRL U17"
"WA Rush B01","Washington Rush B01 A","WYS Championship B01"
"WA Rush B01","Washington Rush B01 (WA)","FWRL NW B01"
"Walla Walla United B01","Walla Walla United Soccer Club 01 Gregoire","PSPL Classic - Blue U17"
"Washington East SC B01","WASHINGTON EAST B01 WINDHAM (WA)","Oswego Nike Cup Gold U17"
"Washington East SC B01","Washington East SC B01 Windham","PSPL WSPL U17"
"Washington East SC B01","B01 Windham","US Club Regionals B01"
"Washington Timbers Green 1 B01","WA Timbers 01B Green 1","RCL B01 Div 4"
"Washington Timbers Green 1 B01","WASHINGTON TIMBERS FC 01B GREEN 1","Clash At the Border Gold/Silver/Bronze"
"Washington Timbers Green 1 B01","WASHINGTON TIMBERS FC 01B GREEN 1 (WA)","Timbers Winter Showcase 2001 Showcase U17"
"Washington Timbers Green 1 B01","WTFC 01B Green 1","Beaverton Cup U17 Silver"
"Washington Timbers Green 1 B01","WA Timbers 01B Green 1","WYS Presidents Cup B01 Division 2"
"Washington Timbers Green 2 B01","WA Timbers 01B Green 2","Founders Cup B01 Div A"
"Washington Timbers Red 1 B01","WA Timbers 01B Red 1","RCL B01 Div 2"
"Washington Timbers Red 1 B01","WASHINGTON TIMBERS FC 01B RED","Clash At the Border Super"
"Washington Timbers Red 1 B01","WASHINGTON TIMBERS FC WTFC 01 RED (WA)","Nike Crossfire Challenge Super Group U17"
"Washington Timbers Red 1 B01","WASHINGTON TIMBERS FC WTFC 01 RED (WA)","Timbers Winter Showcase 2001 Showcase U17"
"Washington Timbers Red 1 B01","WA Timbers 01B Red 1","WYS Championship B01"
"Washington Timbers White 1 B01","WASHINGTON TIMBERS FC B01 WHITE","Clash At the Border Gold/Silver/Bronze"
"Washington Timbers White 1 B01","WA Timbers 01B White 1","WYS Presidents Cup B01 Division 2"
"Washington Timbers White 1 B02","WASHINGTON TIMBERS FC B02 WHITE 1","PCU Summer Classic U16-U17 Black"
"Wenatchee Valley United Aguilitas B01","COBRAS UNITED SC AGUILITAS (WA)","WA Cup Gold U17"
"Wenatchee Valley United Aguilitas B01","UNITED SC Aguilitas 01","PSPL WNPL U17"
"Wenatchee Valley United Aguilitas B01","Aguilitas","US Club Regionals B01"
"Wenatchee Valley United Imperio B01","UNITED SC Imperio FC","PSPL Classic - Blue U17"
"Wenatchee Valley United ML B01","UNITED SC ML B01","PSPL Classic - Blue U17"
"Wenatchee Valley United ML B01","UNITED ML B01 (WA)","WA Cup Silver U17"
"Wenatchee Valley United Quincy B01","QUINCY UNITED (WA)","WA Cup Silver U17"
"Wenatchee Valley United Quincy B01","UNITED SC Quincy United","PSPL Classic - Blue U17"
"West Coast FC B01","WCFC Armour 2001 (CA-S) (FWCS)","Far West Regionals U16"
"West Coast FC B01","West Coast FC B01 Armour","FWRL CAS B01"
"Westside Timbers Copa Red B01","Westside Timbers 01B Copa (OR) (SC)","Far West Regionals U16"
"Westside Timbers Copa Red B01","WESTSIDE TIMBERS 01B COPA","Showcase of Champions U17/16 Boys"
"Westside Timbers Copa Red B01","Westside Timbers 01B Copa Red (OR)","FWRL NW B01"
"Westside Timbers Copa Red B02","Westside Timbers 02B Copa Red","PTT Winter B01 Premier"
"Westside Timbers Copa Red B02","WT 02B Copa Red","Beaverton Cup U17 Gold"
"Westside Timbers Copa TS B01","WT 01B Copa TS","Beaverton Cup U17 Silver"
"Westside Timbers Copa TS B01","Westside Timbers 01B Copa TS","PTT Winter B01 Division 1"
"Westside Timbers Copa White B01","WESTSIDE TIMBERS COPA - WHITE","Clash At the Border Super"
"Westside Timbers Copa White B01","WT 01B Copa White","Beaverton Cup U17 Gold"
"Westside Timbers Copa White B01","Westside Timbers B01 Copa White","Portland Winter Showcase U17"
"Westside Timbers Copa White B01","Westside Timbers 01B Copa White","PTT Winter B01 Premier"
"Westside Timbers Samba B01","WESTSIDE TIMBERS 01B SAMBA","Clash At the Border Gold/Silver/Bronze"
"Westside Timbers Samba B01","WESTSIDE TIMBERS 01B SAMBA (USA)","Oswego Nike Cup Silver U17"
"Westside Timbers Samba B01","WT 01B Samba","Beaverton Cup U17 Silver"
"Westside Timbers Samba B01","Westside Timbers 01B Samba","PTT Winter B01 Division 1"
"Whatcom Rangers Blue B01","28 WFC Rangers BU17 Blue-Samms","Rimland Challenge U17"
"Whatcom Rangers Blue B01","WFC Rangers BU01 Blue","Rainier Challenge Copa U17"
"Whatcom Rangers Blue B01","Whatcom FC Rangers - B01 Blue","RCL B01 Div 3"
"Whatcom Rangers Blue B01","Whatcom FC Rangers - B01 Blue","WYS Presidents Cup B01 Division 1"
"Whatcom Rangers Blue B01","WFC Rangers BU17 Blue","PacNW Winter Classic 2001 Boys Showcase Premier 2"
"Whatcom Rangers Blue B02","54 WFC Rangers 02 Blue","Baker Blast U16-17"
"Whatcom Rangers Gold B01","WFC RANGERS BU01 BLUE (WA)","Nike Crossfire Challenge Silver Group U17"
"Whatcom Rangers Gold B01","Whatcom FC Rangers - B01 Gold","RCL B01 Div 2"
"Whatcom Rangers Gold B01","60 Whatcom FC Rangers B01 Gold","Baker Blast U17"
"Whatcom Rangers Gold B01","WHATCOM FC RANGERS BU01","Showcase of Champions U17/16 Boys"
"Whatcom Rangers Gold B01","Whatcom FC Rangers - B01 Gold","WYS Championship B01"
"Whatcom Rangers Gold B01","WFC Rangers B01 Gold","PacNW Winter Classic 2001 Boys Showcase Premier"
"Whatcom Rangers White B01","WFC Rangers B01 White","Skagit Firecracker Div. 2 U17"
"Whatcom Rangers White B01","Whatcom FC Rangers - B01 White","RCL B01 Div 4"
"Whatcom Rangers White B01","WHATCOM FC RANGERS B01 WHITE (WA)","Bigfoot Silver U17"
"WPFC Black B01","WASHINGTON PREMIER FC WPFC BOYS 01 BLACK (WA)","Nike Crossfire Challenge Super Group U17"
"WPFC Black B01","WPFC B01 Black A","RCL B01 Div 1"
"WPFC Black B01","WPFC B01BLK","Rainier Challenge Copa U17"
"WPFC Black B01","Washington Premier FC","Rainier Challenge Copa U17"
"WPFC Black B01","WASHINGTON PREMIER FC WPFC BOYS 01 BLACK","Showcase of Champions U17/16 Boys"
"WPFC Black B01","WASHINGTON PREMIER FC WPFC BOYS 01 BLACK (WA)","Timbers Winter Showcase 2001 FWRL U17"
"WPFC Black B01","WPFC B01 Black A","WYS Championship B01"
"WPFC Black B01","WPFC B01 Black (WA)","FWRL NW B01"
"WPFC Navy B01","WASHINGTON PREMIER WPFC 01B NAVY (WA)","Nike Crossfire Challenge Silver Group U17"
"WPFC Navy B01","WPFC B01 Navy","Eastside FC Cup BU17"
"WPFC Navy B01","WPFC B01 Navy C","RCL B01 Div 3"
"WPFC Navy B01","WPFC B01' Navy - Murray","Rainier Challenge Samba U17"
"WPFC Navy B01","Washington Premier FC B01 Navy","Portland Winter Showcase U17"
"WPFC Navy B01","WPFC B01 Navy C","WYS Presidents Cup B01 Division 2"
"WPFC White B01","WASHINGTON PREMIER FC WPFC B01 WHITE","Showcase of Champions U17/16 Boys"
"WPFC White B01","WASHINGTON PREMIER FC WPFC B01 WHITE (WA)","Nike Crossfire Challenge Super Group U17"
"WPFC White B01","Washington Premier White (WA)","Region IV Pres Cup U16"
"WPFC White B01","WPFC B01 White B","RCL B01 Div 2"
"WPFC White B01","Washington Premier FC B01 White","Portland Winter Showcase U17"
"WPFC White B01","WPFC B01 White B","WYS Presidents Cup B01 Division 1"
"WS Fireballs B01","WS Fireballs FC 01-Conway","SSUL B01 18 Division 3"
"WS Strikers B01","WS Strikers 01-St. Clair","SSUL B01 18 Division 3"
"WS Thundebirds B01","WS B01 Thunder","NPSL DIVISION 3 (01) U17"
"WVSC Rangers B01","59 WVSC Rangers","Baker Blast U17"
